"e","t","r_1","Lambda_outcome_1","Lambda_mortality_1","r_2","Lambda_outcome_2","Lambda_mortality_2","w","k_1"
0,10,0.0455,0.0475,0.042,0.0244,0.0252,0.042,1.8822,3
0,6.4,0.0758,0.0519,0.0271,0.0134,0.0089,0.0271,5.852,4
0,10,0.0251,0.026,0.042,0.0415,0.0433,0.042,0.6002,2
0,10,0.1163,0.1263,0.042,0.0329,0.0342,0.042,3.694,4
0,10,0.0861,0.092,0.042,0.074,0.0786,0.042,1.171,4
0,0.4,0.035,0.0013,0.0016,0.0354,0.0014,0.0016,0.989,3
0,10,0.0117,0.012,0.042,0.0074,0.0076,0.042,1.573,1
0,10,0.0952,0.1022,0.042,0.0174,0.0179,0.042,5.71,4
0,10,0.1265,0.1383,0.042,0.0904,0.0968,0.042,1.4285,4
0,9.8,0.1126,0.1191,0.041,0.0825,0.0858,0.041,1.3886,4
0,10,0.0578,0.0608,0.042,0.0322,0.0334,0.042,1.8211,3
0,7.3,0.0454,0.0348,0.0308,0.0208,0.0157,0.0308,2.2079,3
0,9.3,0.0407,0.0397,0.0393,0.0278,0.027,0.0393,1.472,3
0,5.1,0.0463,0.0247,0.0214,0.0198,0.0104,0.0214,2.3628,3
0,10,0.023,0.0238,0.042,0.0211,0.0218,0.042,1.0896,2
0,10,0.0257,0.0266,0.042,0.0235,0.0243,0.042,1.0944,2
0,10,0.1473,0.1629,0.042,0.0514,0.0539,0.042,3.0209,4
0,10,0.0328,0.0341,0.042,0.0199,0.0205,0.042,1.664,2
0,2.6,0.0585,0.0162,0.011,0.019,0.0052,0.011,3.1435,3
0,10,0.0074,0.0076,0.042,0.0164,0.0169,0.042,0.4492,1
0,5.8,0.0663,0.0407,0.0244,0.0688,0.0423,0.0244,0.9619,3
0,10,0.0272,0.0282,0.042,0.0234,0.0242,0.042,1.1621,2
0,10,0.0198,0.0204,0.042,0.0574,0.0604,0.042,0.3383,2
1,6.2,0.2041,0.1457,0.0262,0.0566,0.0371,0.0262,3.925,4
0,9.1,0.0611,0.0584,0.0381,0.0328,0.0309,0.0381,1.889,3
0,10,0.0216,0.0224,0.042,0.0164,0.0169,0.042,1.3203,2
0,10,0.0428,0.0447,0.042,0.0552,0.058,0.042,0.7714,3
0,10,0.0377,0.0392,0.042,0.0421,0.044,0.042,0.892,3
0,0.1,0.01,1e-04,2e-04,0.0098,1e-04,2e-04,1.0173,1
0,10,0.123,0.1341,0.042,0.0545,0.0573,0.042,2.3422,4
0,10,0.0247,0.0255,0.042,0.0232,0.024,0.042,1.0645,2
0,3.3,0.0416,0.0145,0.014,0.0471,0.0164,0.014,0.8812,3
0,10,0.0481,0.0504,0.042,0.0113,0.0116,0.042,4.3363,3
0,10,0.0042,0.0043,0.042,0.0063,0.0065,0.042,0.6628,1
0,10,0.065,0.0687,0.042,0.0405,0.0423,0.042,1.6239,3
0,10,0.051,0.0534,0.042,0.0149,0.0154,0.042,3.4799,3
0,10,0.0042,0.0043,0.042,0.0172,0.0177,0.042,0.2451,1
0,6.5,0.0741,0.051,0.0272,0.0429,0.029,0.0272,1.7562,4
0,3.4,0.0101,0.0035,0.0141,0.0142,0.0049,0.0141,0.7122,1
0,3.3,0.0598,0.0207,0.0138,0.0124,0.0042,0.0138,4.94,3
0,10,0.0629,0.0663,0.042,0.0591,0.0622,0.042,1.0664,3
0,4.9,0.0824,0.0435,0.0208,0.0237,0.0121,0.0208,3.5809,4
0,9.8,0.1171,0.125,0.0412,0.0568,0.0586,0.0412,2.1329,4
0,10,0.0175,0.0181,0.042,0.0054,0.0055,0.042,3.2862,2
0,10,0.0173,0.0178,0.042,0.0107,0.011,0.042,1.6209,2
0,1.8,0.0143,0.0026,0.0075,0.0104,0.0019,0.0075,1.3764,1
1,4.5,0.2206,0.1154,0.019,0.0222,0.0104,0.019,11.0965,4
0,10,0.0271,0.0281,0.042,0.0153,0.0157,0.042,1.7882,2
0,10,0.1784,0.201,0.042,0.0364,0.0379,0.042,5.3053,4
0,10,0.0116,0.012,0.042,0.0049,0.005,0.042,2.3719,1
0,10,0.0264,0.0274,0.042,0.0121,0.0125,0.042,2.1925,2
0,10,0.036,0.0374,0.042,0.0125,0.0129,0.042,2.9054,3
0,10,0.006,0.0061,0.0419,0.0193,0.0199,0.0419,0.309,1
0,2.1,0.091,0.0205,0.0088,0.029,0.0063,0.0088,3.2422,4
0,6.8,0.0643,0.0462,0.0285,0.0956,0.0698,0.0285,0.6613,3
0,10,0.0389,0.0406,0.042,0.0128,0.0132,0.042,3.0812,3
1,3.7,0.0297,0.0115,0.0157,0.0133,0.0051,0.0157,2.2562,2
2,6.5,0.1056,0.0736,0.0271,0.0356,0.0239,0.0271,3.0784,4
0,3.7,0.0166,0.0063,0.0155,0.0182,0.0069,0.0155,0.9142,2
0,9.9,0.1362,0.1479,0.0415,0.0593,0.0617,0.0415,2.3958,4
0,10,0.0186,0.0191,0.042,0.0088,0.009,0.042,2.1196,2
1,4.7,0.3693,0.2208,0.0196,0.0475,0.0232,0.0196,9.4953,4
0,10,0.0046,0.0047,0.042,0.0072,0.0074,0.042,0.6308,1
0,2.5,0.2765,0.0824,0.0104,0.1026,0.0275,0.0104,2.9945,4
0,10,0.0523,0.0549,0.042,0.0228,0.0236,0.042,2.3261,3
0,10,0.0216,0.0223,0.042,0.0171,0.0176,0.042,1.2636,2
0,6.8,0.0537,0.0381,0.0284,0.015,0.0104,0.0284,3.6481,3
0,10,0.1435,0.1584,0.042,0.0415,0.0432,0.042,3.6623,4
0,8.1,0.0314,0.0263,0.0339,0.0312,0.0261,0.0339,1.007,2
0,10,0.0291,0.0302,0.042,0.018,0.0185,0.042,1.6321,2
1,4.5,0.0966,0.0463,0.0187,0.0233,0.0108,0.0187,4.3055,4
0,10,0.0128,0.0131,0.042,0.014,0.0144,0.042,0.9118,1
0,4.4,0.0073,0.0033,0.0183,0.0096,0.0043,0.0183,0.7633,1
0,4.2,0.0311,0.0134,0.0175,0.0237,0.0102,0.0175,1.3167,2
0,1.1,0.1903,0.0243,0.0047,0.0363,0.0043,0.0047,5.7081,4
0,5.4,0.0085,0.0047,0.0228,0.0153,0.0086,0.0228,0.5524,1
0,5.9,0.0244,0.0148,0.0246,0.0248,0.015,0.0246,0.983,2
0,10,0.0334,0.0347,0.042,0.0121,0.0125,0.042,2.7864,3
0,10,0.0125,0.0128,0.042,0.0109,0.0112,0.042,1.1435,1
0,10,0.0376,0.0392,0.042,0.0197,0.0204,0.042,1.9231,3
1,1.8,0.1326,0.0255,0.0074,0.0565,0.0104,0.0074,2.4472,4
0,6.5,0.0366,0.0247,0.0272,0.0174,0.0116,0.0272,2.1302,3
0,10,0.0157,0.0161,0.042,0.013,0.0134,0.042,1.2042,1
0,5.5,0.0128,0.0071,0.0229,0.0064,0.0036,0.0229,2.0035,1
0,5.4,0.0262,0.0145,0.0225,0.0091,0.005,0.0225,2.9174,2
0,10,0.012,0.0123,0.042,0.0073,0.0075,0.042,1.6517,1
2,3.9,0.0215,0.0087,0.0164,0.0106,0.0042,0.0164,2.0433,2
0,10,0.0111,0.0114,0.042,0.0084,0.0086,0.042,1.3243,1
0,10,0.1158,0.1258,0.042,0.0275,0.0285,0.042,4.4133,4
0,4.2,0.058,0.0258,0.0177,0.0175,0.0076,0.0177,3.3805,3
0,9.5,0.0281,0.0277,0.04,0.0075,0.0073,0.04,3.8089,2
0,8.6,0.0131,0.0116,0.036,0.0109,0.0096,0.036,1.2034,1
0,10,0.1825,0.206,0.042,0.0233,0.0241,0.042,8.5447,4
0,10,0.0535,0.0562,0.042,0.0334,0.0347,0.042,1.6185,3
2,5.8,0.0061,0.0036,0.0243,0.0354,0.0213,0.0243,0.1706,1
0,7.8,0.013,0.0104,0.0327,0.0198,0.0159,0.0327,0.6537,1
1,2.1,0.368,0.0998,0.0089,0.1254,0.0291,0.0089,3.4339,4
0,10,0.0169,0.0174,0.042,0.013,0.0134,0.042,1.304,2
1,7.3,0.4669,0.4721,0.0307,0.0441,0.0337,0.0307,14.0148,4
0,9.8,0.0225,0.0228,0.0412,0.0165,0.0167,0.0412,1.3671,2
0,10,0.025,0.0259,0.042,0.0353,0.0367,0.042,0.7054,2
0,10,0.0197,0.0203,0.042,0.0188,0.0194,0.042,1.0488,2
0,6.2,0.0235,0.0151,0.026,0.0155,0.0099,0.026,1.5237,2
0,9.4,0.0077,0.0074,0.0395,0.0189,0.0183,0.0395,0.4034,1
0,10,0.0529,0.0555,0.042,0.0213,0.022,0.042,2.5215,3
0,10,7e-04,8e-04,0.042,0.0052,0.0053,0.042,0.1415,1
0,10,0.0658,0.0695,0.042,0.0696,0.0737,0.042,0.9433,3
0,10,0.0408,0.0425,0.042,0.0379,0.0395,0.042,1.0758,3
0,9.8,0.016,0.0161,0.041,0.0086,0.0086,0.041,1.8676,2
0,10,0.0109,0.0111,0.042,0.0052,0.0053,0.042,2.0926,1
0,10,0.056,0.0589,0.042,0.0288,0.0299,0.042,1.9714,3
0,10,0.03,0.0312,0.042,0.037,0.0385,0.042,0.8091,2
0,10,0.0676,0.0715,0.042,0.0407,0.0424,0.042,1.6857,3
0,10,0.0667,0.0706,0.042,0.0262,0.0271,0.042,2.6036,3
0,6.8,0.0149,0.0105,0.0287,0.0188,0.0133,0.0287,0.7912,1
0,3.2,0.0433,0.0142,0.0132,0.0287,0.0094,0.0132,1.5176,3
0,10,0.0161,0.0165,0.042,0.0109,0.0112,0.042,1.4746,2
0,10,0.0148,0.0152,0.042,0.0127,0.0131,0.042,1.1612,1
0,1.3,0.271,0.0434,0.0056,0.0787,0.0112,0.0056,3.8644,4
0,0.5,0.0233,0.0012,0.0021,0.0117,6e-04,0.0021,2.0097,2
0,10,0.0121,0.0125,0.042,0.0185,0.0191,0.042,0.6537,1
1,4.1,0.0264,0.0111,0.017,0.0093,0.0039,0.017,2.8659,2
1,1.7,0.1931,0.0382,0.0073,0.0888,0.0166,0.0073,2.3091,4
0,6.8,0.0542,0.0389,0.0287,0.0157,0.0111,0.0287,3.511,3
0,1.1,0.0525,0.0062,0.0047,0.0443,0.0052,0.0047,1.1904,3
0,10,0.1422,0.1567,0.042,0.0448,0.0468,0.042,3.3502,4
0,10,0.008,0.0082,0.042,0.0097,0.01,0.042,0.8156,1
0,10,0.0319,0.0331,0.042,0.0271,0.0281,0.042,1.1799,2
2,5.1,0.0816,0.0439,0.0212,0.0128,0.0067,0.0212,6.592,4
0,10,0.008,0.0082,0.042,0.0031,0.0032,0.042,2.5965,1
0,8.7,0.1411,0.1345,0.0363,0.048,0.0435,0.0363,3.0913,4
0,1.1,0.0193,0.0023,0.0048,0.0349,0.0041,0.0048,0.5486,2
0,10,0.0131,0.0135,0.042,0.0096,0.0098,0.042,1.3752,1
0,1,0.0209,0.0021,0.0041,0.0043,4e-04,0.0041,4.9326,2
0,10,0.0066,0.0068,0.042,0.0129,0.0133,0.042,0.5097,1
0,10,0.0953,0.1023,0.042,0.0441,0.0461,0.042,2.2202,4
0,10,0.0656,0.0693,0.042,0.0318,0.033,0.042,2.1,3
0,10,0.0565,0.0595,0.042,0.0193,0.0199,0.042,2.991,3
0,10,0.0069,0.0071,0.042,0.0054,0.0056,0.042,1.2705,1
0,1.4,0.0969,0.0144,0.0058,0.0533,0.0078,0.0058,1.8605,4
0,2,0.1506,0.0327,0.0082,0.0452,0.0093,0.0082,3.5317,4
0,5.7,0.0171,0.0101,0.0241,0.0363,0.0217,0.0241,0.4656,2
0,6.6,0.025,0.0172,0.0279,0.0105,0.0072,0.0279,2.3902,2
0,6.5,0.0659,0.0456,0.0275,0.0336,0.0228,0.0275,1.9951,3
0,6.4,0.0232,0.0154,0.027,0.0116,0.0077,0.027,2.0154,2
0,10,0.048,0.0503,0.042,0.0144,0.0148,0.042,3.3928,3
0,10,0.0111,0.0114,0.042,0.008,0.0082,0.042,1.3952,1
0,10,0.0236,0.0244,0.042,0.028,0.029,0.042,0.842,2
0,10,0.0419,0.0438,0.042,0.0137,0.014,0.042,3.1162,3
0,10,0.0458,0.0479,0.042,0.0421,0.044,0.042,1.0903,3
0,2.7,0.0168,0.0046,0.0113,0.0411,0.0115,0.0113,0.403,2
0,2.4,0.0537,0.0137,0.0102,0.0108,0.0027,0.0102,5.0981,3
0,6.9,0.035,0.0251,0.0289,0.0687,0.0501,0.0289,0.5006,3
0,1.6,0.0724,0.0123,0.0067,0.0605,0.0102,0.0067,1.2051,4
0,10,0.1291,0.1413,0.042,0.014,0.0144,0.042,9.7952,4
0,10,0.0984,0.1059,0.042,0.0318,0.033,0.042,3.2118,4
0,10,0.0301,0.0313,0.042,0.0104,0.0107,0.042,2.9229,2
0,1.6,0.0245,0.0041,0.0067,0.0117,0.0019,0.0067,2.0981,2
0,10,0.0149,0.0154,0.042,0.0039,0.004,0.042,3.8708,1
0,10,0.0348,0.0362,0.042,0.0488,0.0512,0.042,0.7069,3
0,10,0.0351,0.0365,0.042,0.027,0.0279,0.042,1.3095,3
0,2,0.0367,0.0078,0.0086,0.0303,0.0064,0.0086,1.2156,3
0,10,0.0128,0.0131,0.042,0.0098,0.0101,0.042,1.3041,1
0,10,0.0232,0.0239,0.042,0.0066,0.0068,0.042,3.5344,2
0,2.7,0.0984,0.0288,0.0114,0.0444,0.0126,0.0114,2.2843,4
0,5.1,0.0036,0.0019,0.0213,0.006,0.0031,0.0213,0.5947,1
0,10,0.0225,0.0232,0.042,0.0209,0.0215,0.042,1.0788,2
0,10,0.0174,0.0179,0.042,0.0111,0.0114,0.042,1.5664,2
2,7.1,0.0236,0.0173,0.0297,0.0172,0.0125,0.0297,1.3819,2
0,10,0.0137,0.014,0.042,0.0166,0.017,0.042,0.8238,1
0,10,0.5083,0.7292,0.042,0.0837,0.0893,0.042,8.1641,4
0,10,0.0095,0.0097,0.042,0.0141,0.0145,0.042,0.6702,1
0,10,0.0225,0.0232,0.042,0.0128,0.0132,0.042,1.7624,2
0,2.6,0.0111,0.0029,0.0109,0.0034,9e-04,0.0109,3.2737,1
0,10,0.0945,0.1014,0.042,0.0767,0.0816,0.042,1.243,4
0,10,0.027,0.0279,0.042,0.0218,0.0225,0.042,1.2421,2
0,10,0.0217,0.0224,0.042,0.0145,0.0149,0.042,1.5029,2
1,8.5,0.0758,0.0687,0.0358,0.0337,0.0299,0.0358,2.2983,4
1,8.1,0.0134,0.0112,0.0342,0.0109,0.0091,0.0342,1.2293,1
0,5.2,0.0076,0.004,0.0218,0.0084,0.0045,0.0218,0.9009,1
0,8.8,0.02,0.0181,0.0368,0.0091,0.0082,0.0368,2.2102,2
0,10,0.0086,0.0089,0.042,0.0218,0.0225,0.042,0.394,1
0,10,0.0751,0.0797,0.042,0.0278,0.0288,0.042,2.7673,4
0,10,0.0068,0.0069,0.042,0.0057,0.0058,0.042,1.1985,1
0,10,0.0417,0.0435,0.042,0.0907,0.0971,0.042,0.4484,3
0,8.8,0.0242,0.0221,0.0371,0.0117,0.0106,0.0371,2.0945,2
0,10,0.0301,0.0312,0.042,0.0278,0.0288,0.042,1.0846,2
0,10,0.0353,0.0367,0.042,0.0291,0.0302,0.042,1.2151,3
0,9.6,0.0443,0.0446,0.0404,0.0252,0.0251,0.0404,1.7763,3
0,10,0.0143,0.0147,0.042,0.0178,0.0184,0.042,0.8014,1
0,10,0.0212,0.0219,0.042,0.0119,0.0122,0.042,1.7938,2
0,10,0.0439,0.0458,0.042,0.0206,0.0212,0.042,2.1602,3
0,1.5,0.0313,0.005,0.0064,0.0321,0.0051,0.0064,0.9725,2
0,8,0.0091,0.0074,0.0336,0.0079,0.0065,0.0336,1.1522,1
0,10,0.0156,0.0161,0.042,0.0156,0.0161,0.042,1.0002,1
0,10,0.0251,0.026,0.042,0.0123,0.0126,0.042,2.0585,2
0,10,0.0532,0.0559,0.042,0.0102,0.0104,0.042,5.3629,3
0,1.4,0.1092,0.0169,0.006,0.0655,0.0099,0.006,1.7085,4
0,10,0.0188,0.0194,0.042,0.008,0.0082,0.042,2.3776,2
0,2.4,0.1096,0.0281,0.0099,0.0808,0.0204,0.0099,1.3774,4
0,10,0.0886,0.0948,0.042,0.0534,0.0561,0.042,1.6907,4
0,10,0.0033,0.0034,0.042,0.006,0.0062,0.042,0.5522,1
0,3,0.1183,0.0385,0.0126,0.0162,0.005,0.0126,7.7189,4
1,0.2,0.0703,0.0016,9e-04,0.0466,0.0011,9e-04,1.528,3
0,10,0.0402,0.0419,0.042,0.0112,0.0115,0.042,3.6512,3
0,9.5,0.0765,0.0773,0.0399,0.0679,0.0684,0.0399,1.1304,4
0,10,0.0038,0.0039,0.042,0.003,0.0031,0.042,1.2757,1
0,3.7,0.034,0.0131,0.0156,0.0319,0.0123,0.0156,1.0651,3
0,0.6,0.0733,0.0045,0.0024,0.0491,0.003,0.0024,1.5134,4
0,10,0.0556,0.0584,0.042,0.0235,0.0243,0.042,2.4079,3
0,0.4,0.0067,2e-04,0.0015,0.0172,6e-04,0.0015,0.3895,1
0,10,0.0205,0.0211,0.042,0.0172,0.0177,0.042,1.1953,2
0,10,0.0581,0.0611,0.042,0.0168,0.0173,0.042,3.5265,3
1,6.1,0.3313,0.2507,0.0255,0.103,0.0675,0.0255,3.7121,4
0,8.5,0.1448,0.1355,0.0356,0.0711,0.0638,0.0356,2.1224,4
0,10,0.0127,0.0131,0.042,0.009,0.0092,0.042,1.4199,1
0,10,0.0301,0.0312,0.042,0.0204,0.0211,0.042,1.4782,2
0,5.5,0.0041,0.0023,0.0229,0.0071,0.004,0.0229,0.5753,1
0,10,0.1266,0.1384,0.042,0.0231,0.0239,0.042,5.7985,4
0,10,0.015,0.0154,0.042,0.011,0.0113,0.042,1.3641,1
0,6.4,0.0156,0.0103,0.027,0.0164,0.0108,0.027,0.9512,1
1,9.7,0.203,0.2245,0.0406,0.0348,0.035,0.0406,6.4139,4
0,7.2,0.0279,0.0209,0.0304,0.0185,0.0138,0.0304,1.516,2
0,10,0.1002,0.1079,0.042,0.0246,0.0254,0.042,4.2489,4
1,7.3,0.1484,0.1196,0.0306,0.0495,0.0378,0.0306,3.1641,4
0,10,0.0062,0.0064,0.042,0.0066,0.0067,0.042,0.9472,1
0,10,0.1455,0.1607,0.042,0.0339,0.0353,0.042,4.5577,4
0,10,0.0321,0.0334,0.042,0.0138,0.0142,0.042,2.3424,2
0,0.1,0.0734,7e-04,4e-04,0.0499,5e-04,4e-04,1.4892,4
0,10,0.0367,0.0382,0.042,0.019,0.0196,0.042,1.9507,3
0,8.5,0.0203,0.0177,0.0356,0.0085,0.0074,0.0356,2.3975,2
2,3.3,0.0423,0.0145,0.0138,0.0346,0.0118,0.0138,1.2273,3
0,10,0.0363,0.0378,0.042,0.0199,0.0205,0.042,1.844,3
0,1.9,0.0302,0.0059,0.0078,0.0338,0.0066,0.0078,0.8929,2
0,8.5,0.0064,0.0056,0.0358,0.0098,0.0086,0.0358,0.6495,1
0,1.8,0.0103,0.0019,0.0074,0.0155,0.0028,0.0074,0.661,1
0,10,0.0129,0.0132,0.042,0.0199,0.0205,0.042,0.6458,1
0,10,0.0105,0.0108,0.042,0.0156,0.0161,0.042,0.6738,1
0,10,0.035,0.0363,0.042,0.0155,0.0159,0.042,2.2814,3
0,10,0.0444,0.0464,0.042,0.0281,0.0291,0.042,1.5912,3
0,10,0.0449,0.0469,0.042,0.0094,0.0097,0.042,4.859,3
0,10,0.0241,0.0249,0.042,0.0202,0.0208,0.042,1.1941,2
0,5.1,0.0141,0.0074,0.0215,0.0102,0.0054,0.0215,1.3826,1
0,6.2,0.057,0.0374,0.0262,0.0302,0.0195,0.0262,1.9149,3
0,10,0.0137,0.0141,0.042,0.0106,0.0109,0.042,1.2903,1
0,0.2,0.1063,0.002,7e-04,0.0517,0.001,7e-04,2.117,4
0,2.8,0.0192,0.0056,0.0118,0.0216,0.0063,0.0118,0.8871,2
0,10,0.1025,0.1105,0.042,0.0233,0.0241,0.042,4.5911,4
2,5.9,0.0505,0.0314,0.0249,0.0298,0.0183,0.0249,1.715,3
0,10,0.0502,0.0526,0.042,0.0316,0.0328,0.042,1.6024,3
0,10,0.1705,0.1911,0.042,0.0281,0.0291,0.042,6.5609,4
0,10,0.0051,0.0052,0.042,0.0099,0.0102,0.042,0.5137,1
0,10,0.0252,0.026,0.042,0.012,0.0124,0.042,2.1078,2
0,10,0.0012,0.0012,0.042,0.0044,0.0045,0.042,0.2764,1
0,10,0.0225,0.0232,0.042,0.0226,0.0234,0.042,0.9928,2
0,10,0.1265,0.1382,0.042,0.0556,0.0585,0.042,2.3641,4
0,2.8,0.0089,0.0025,0.0116,0.0086,0.0024,0.0116,1.0359,1
0,10,0.0143,0.0147,0.042,0.0291,0.0301,0.042,0.4894,1
0,5.2,0.018,0.0096,0.0218,0.0335,0.018,0.0218,0.5322,2
0,10,0.0762,0.081,0.042,0.0209,0.0215,0.042,3.7618,4
0,10,0.0026,0.0027,0.042,0.0077,0.0079,0.042,0.3413,1
0,10,0.0298,0.0309,0.042,0.0138,0.0142,0.042,2.1763,2
0,10,0.0887,0.0949,0.042,0.0578,0.0609,0.042,1.5585,4
0,4,0.1767,0.0804,0.017,0.0385,0.0162,0.017,4.962,4
0,10,0.0305,0.0317,0.042,0.0302,0.0313,0.042,1.0117,2
0,4,0.1619,0.0716,0.0166,0.1293,0.0561,0.0166,1.2764,4
0,4.8,0.0224,0.0111,0.0202,0.0165,0.0082,0.0202,1.3652,2
0,10,0.01,0.0103,0.042,0.0241,0.0249,0.042,0.4127,1
0,10,0.0218,0.0225,0.042,0.039,0.0406,0.042,0.5549,2
0,10,0.1739,0.1954,0.042,0.0187,0.0193,0.042,10.1505,4
0,10,0.1615,0.1801,0.042,0.0455,0.0475,0.042,3.7883,4
0,10,0.061,0.0643,0.042,0.031,0.0321,0.042,2.0026,3
0,10,0.0163,0.0168,0.042,0.0171,0.0177,0.042,0.951,2
0,10,0.0325,0.0337,0.042,0.018,0.0186,0.042,1.817,2
0,10,0.0033,0.0034,0.042,0.0029,0.0029,0.042,1.1694,1
0,7.9,0.0506,0.0419,0.0332,0.0128,0.0104,0.0332,4.0389,3
0,3.5,0.013,0.0047,0.0149,0.0211,0.0077,0.0149,0.6136,1
0,1.8,0.0756,0.0143,0.0075,0.0539,0.01,0.0075,1.4194,4
0,4.1,0.0135,0.0057,0.0174,0.0118,0.005,0.0174,1.1433,1
0,10,0.0075,0.0076,0.042,0.0062,0.0064,0.042,1.2,1
1,7.7,0.0338,0.0271,0.0324,0.0172,0.0137,0.0324,1.9795,3
0,1.4,0.0223,0.0031,0.0057,0.0204,0.0029,0.0057,1.0905,2
0,10,0.0074,0.0076,0.042,0.0064,0.0065,0.042,1.1707,1
0,10,0.0034,0.0035,0.042,0.0047,0.0048,0.042,0.7133,1
0,9.7,0.0137,0.0137,0.0408,0.0105,0.0105,0.0408,1.3087,1
0,3.8,0.1071,0.0438,0.0159,0.0552,0.0219,0.0159,1.9964,4
0,10,0.011,0.0113,0.042,0.007,0.0072,0.042,1.5702,1
0,5.4,0.0261,0.0146,0.0228,0.0266,0.0149,0.0228,0.9813,2
0,10,0.0121,0.0124,0.042,0.0226,0.0233,0.042,0.5331,1
0,7.5,0.027,0.021,0.0316,0.0343,0.0268,0.0316,0.7836,2
0,10,0.1299,0.1422,0.042,0.0352,0.0366,0.042,3.8824,4
0,2.6,0.1278,0.0359,0.0108,0.1441,0.0409,0.0108,0.8785,4
0,0.2,0.233,0.0047,7e-04,0.0261,5e-04,7e-04,10.0387,4
0,9.1,0.0709,0.0684,0.0383,0.0121,0.0114,0.0383,6.0186,4
0,0.6,0.0191,0.0011,0.0024,0.0216,0.0013,0.0024,0.8842,2
2,5.4,0.0078,0.0043,0.0226,0.008,0.0044,0.0226,0.9778,1
0,10,0.045,0.047,0.042,0.0147,0.0152,0.042,3.0982,3
0,7.4,0.0126,0.0097,0.0313,0.0114,0.0087,0.0313,1.1107,1
0,0.2,0.021,4e-04,7e-04,0.0186,3e-04,7e-04,1.1313,2
0,10,0.05,0.0524,0.042,0.0092,0.0094,0.042,5.5747,3
0,8.1,0.0098,0.0082,0.0342,0.0021,0.0018,0.0342,4.5979,1
1,5.7,0.2117,0.1382,0.0238,0.0673,0.0404,0.0238,3.4206,4
0,10,0.0589,0.0621,0.042,0.0638,0.0673,0.042,0.9222,3
0,7,0.0693,0.0516,0.0295,0.0307,0.0224,0.0295,2.3084,3
0,4.8,0.0354,0.0177,0.0202,0.0113,0.0056,0.0202,3.1763,3
0,10,0.1401,0.1543,0.042,0.0251,0.0259,0.042,5.9556,4
0,8.3,0.0368,0.0318,0.0349,0.016,0.0137,0.0349,2.3255,3
0,1,0.0244,0.0026,0.0043,0.0223,0.0023,0.0043,1.0954,2
0,6.9,0.0476,0.0346,0.0292,0.0174,0.0124,0.0292,2.7806,3
0,4.3,0.0439,0.0199,0.0182,0.0255,0.0114,0.0182,1.7395,3
0,8.8,0.0094,0.0084,0.0368,0.0161,0.0146,0.0368,0.5795,1
0,8.9,0.0769,0.0726,0.0373,0.0415,0.0384,0.0373,1.8911,4
0,2.1,0.0298,0.0066,0.009,0.028,0.0062,0.009,1.068,2
0,10,0.0019,0.002,0.042,0.0034,0.0034,0.042,0.5697,1
0,10,0.0106,0.0109,0.042,0.0133,0.0137,0.042,0.7993,1
0,5.2,0.0426,0.023,0.0217,0.0267,0.0143,0.0217,1.6073,3
0,10,0.0224,0.0232,0.042,0.0128,0.0132,0.042,1.7614,2
0,10,0.0103,0.0106,0.042,0.0075,0.0077,0.042,1.3736,1
0,0.3,0.0301,0.001,0.0013,0.0376,0.0013,0.0013,0.7991,2
0,10,0.1163,0.1264,0.042,0.0399,0.0416,0.042,3.0383,4
0,10,0.0413,0.0431,0.042,0.0233,0.0241,0.042,1.7883,3
0,5.3,0.0781,0.0436,0.0221,0.0469,0.0257,0.0221,1.6944,4
0,2.7,0.0349,0.0099,0.0115,0.0123,0.0034,0.0115,2.8799,3
0,10,0.0149,0.0154,0.042,0.0096,0.0098,0.042,1.5624,1
0,2.8,0.0554,0.0162,0.0117,0.0175,0.005,0.0117,3.2225,3
0,2.3,0.1893,0.0497,0.0097,0.0356,0.0086,0.0097,5.8054,4
0,10,0.0135,0.0139,0.042,0.0093,0.0096,0.042,1.4562,1
0,10,0.0062,0.0064,0.042,0.0093,0.0095,0.042,0.6665,1
0,2.8,0.0134,0.0039,0.0118,0.0154,0.0045,0.0118,0.8695,1
0,10,0.2077,0.2382,0.042,0.0473,0.0495,0.042,4.8135,4
0,10,0.0609,0.0642,0.042,0.0481,0.0503,0.042,1.2763,3
2,6.6,0.0506,0.0353,0.0279,0.0544,0.038,0.0279,0.9285,3
0,10,0.0893,0.0955,0.042,0.0403,0.042,0.042,2.2727,4
0,10,0.0032,0.0033,0.042,0.0108,0.0111,0.042,0.2982,1
0,2,0.0668,0.0139,0.0083,0.0154,0.0031,0.0083,4.466,3
0,9.2,0.0393,0.0377,0.0387,0.0495,0.0478,0.0387,0.789,3
0,10,0.0339,0.0353,0.042,0.0225,0.0233,0.042,1.5169,3
0,10,0.0189,0.0195,0.042,0.0145,0.0149,0.042,1.3115,2
0,5.2,0.0038,0.002,0.0219,0.0065,0.0035,0.0219,0.5869,1
0,5.5,0.0088,0.005,0.0233,0.0152,0.0087,0.0233,0.5767,1
1,0.9,0.0719,0.0066,0.0037,0.0329,0.003,0.0037,2.2328,4
0,9.9,0.0894,0.0948,0.0416,0.025,0.0256,0.0416,3.7054,4
0,10,0.012,0.0124,0.042,0.0051,0.0053,0.042,2.3555,1
0,3.2,0.0714,0.0239,0.0133,0.0216,0.007,0.0133,3.3938,4
0,10,0.0238,0.0246,0.042,0.0087,0.0089,0.042,2.7629,2
0,10,0.0316,0.0328,0.042,0.0189,0.0195,0.042,1.6814,2
0,1.5,0.0222,0.0034,0.0062,0.0294,0.0045,0.0062,0.754,2
0,10,0.0915,0.0981,0.042,0.0487,0.0509,0.042,1.9252,4
0,0.6,0.2332,0.0173,0.0027,0.042,0.0028,0.0027,6.2002,4
0,5,0.0416,0.0216,0.0208,0.0093,0.0047,0.0208,4.5466,3
0,10,0.0418,0.0436,0.042,0.0117,0.012,0.042,3.6432,3
0,1.8,0.0374,0.0069,0.0074,0.0287,0.0052,0.0074,1.308,3
0,3,0.0426,0.0135,0.0128,0.029,0.0091,0.0128,1.4799,3
0,10,0.0357,0.0371,0.042,0.022,0.0227,0.042,1.6353,3
0,6.3,0.0544,0.0358,0.0263,0.0318,0.0207,0.0263,1.7309,3
0,10,0.0693,0.0734,0.042,0.0134,0.0138,0.042,5.3161,3
0,10,0.0222,0.0229,0.042,0.0227,0.0235,0.042,0.9759,2
0,4.2,0.0932,0.0423,0.0178,0.0453,0.0201,0.0178,2.1097,4
2,4.7,0.0738,0.0368,0.0197,0.0478,0.0235,0.0197,1.5655,4
0,10,0.0323,0.0336,0.042,0.0144,0.0148,0.042,2.2667,2
0,10,0.1741,0.1955,0.042,0.0438,0.0457,0.042,4.2788,4
0,10,0.071,0.0752,0.042,0.0419,0.0438,0.042,1.7189,4
0,4.2,0.0074,0.0032,0.0177,0.0077,0.0033,0.0177,0.9566,1
0,4,0.0806,0.0339,0.0166,0.0163,0.0067,0.0166,5.1,4
0,10,0.0134,0.0138,0.042,0.0055,0.0057,0.042,2.436,1
0,5.1,0.0521,0.028,0.0215,0.0212,0.0112,0.0215,2.5011,3
0,10,0.0043,0.0044,0.042,0.004,0.0041,0.042,1.055,1
0,10,0.0092,0.0095,0.042,0.0225,0.0232,0.042,0.4088,1
0,4.8,0.0575,0.0292,0.0203,0.0263,0.0131,0.0203,2.2206,3
0,10,0.0123,0.0126,0.042,0.0124,0.0127,0.042,0.9902,1
1,7.8,0.0666,0.0549,0.0328,0.0429,0.0349,0.0328,1.5731,3
0,3.1,0.0146,0.0047,0.0132,0.0166,0.0054,0.0132,0.8804,1
0,3.9,0.1504,0.0648,0.0163,0.0546,0.0223,0.0163,2.9063,4
0,4,0.0191,0.0079,0.0169,0.0089,0.0037,0.0169,2.1672,2
0,10,0.0263,0.0273,0.042,0.0898,0.0961,0.042,0.2836,2
0,10,0.0194,0.02,0.042,0.0081,0.0083,0.042,2.4038,2
0,10,0.0241,0.0249,0.042,0.0286,0.0297,0.042,0.8386,2
0,6,0.0097,0.006,0.0251,0.0055,0.0034,0.0251,1.7643,1
0,10,0.0667,0.0705,0.042,0.0237,0.0245,0.042,2.8842,3
0,4.6,0.0531,0.0257,0.0193,0.0184,0.0087,0.0193,2.9488,3
1,7.4,0.193,0.1623,0.0311,0.1285,0.104,0.0311,1.5603,4
0,4.1,0.0677,0.0293,0.0172,0.0535,0.023,0.0172,1.2734,3
0,10,0.028,0.029,0.042,0.0283,0.0293,0.042,0.9907,2
0,7.6,0.0909,0.0743,0.0321,0.034,0.027,0.0321,2.7531,4
0,10,0.0186,0.0192,0.042,0.0102,0.0104,0.042,1.8412,2
0,10,0.0251,0.026,0.042,0.0072,0.0074,0.042,3.5011,2
1,7.7,0.0578,0.0467,0.0322,0.0237,0.0188,0.0322,2.4845,3
0,10,0.0187,0.0193,0.042,0.0066,0.0068,0.042,2.8354,2
0,4,0.0038,0.0016,0.0169,0.0062,0.0026,0.0169,0.6139,1
0,3.3,0.0134,0.0045,0.0139,0.0088,0.003,0.0139,1.5297,1
0,10,0.0198,0.0204,0.042,0.023,0.0238,0.042,0.8568,2
0,10,0.0092,0.0094,0.042,0.0253,0.0262,0.042,0.3595,1
0,7.3,0.2908,0.2585,0.0309,0.0526,0.0405,0.0309,6.3763,4
0,10,0.0108,0.0111,0.042,0.0054,0.0055,0.042,2.0077,1
1,7.1,0.1862,0.1499,0.0299,0.0249,0.0183,0.0299,8.1904,4
0,10,0.0078,0.008,0.042,0.0084,0.0086,0.042,0.9294,1
0,10,0.0053,0.0054,0.042,0.0105,0.0108,0.042,0.5017,1
0,1.8,0.0286,0.0053,0.0075,0.0157,0.0029,0.0075,1.8319,2
0,10,0.0282,0.0292,0.042,0.0196,0.0202,0.042,1.4446,2
0,10,0.0427,0.0446,0.042,0.0182,0.0188,0.042,2.3743,3
0,9.8,0.0065,0.0065,0.0412,0.008,0.0081,0.0412,0.805,1
0,7.3,0.0305,0.0232,0.0308,0.0295,0.0224,0.0308,1.0356,2
0,10,0.0253,0.0262,0.042,0.017,0.0175,0.042,1.4924,2
0,4.3,0.1833,0.0887,0.018,0.039,0.0174,0.018,5.0928,4
0,8.7,0.0069,0.0062,0.0367,0.0115,0.0103,0.0367,0.5979,1
0,0,0.0034,0,2e-04,0.0036,0,2e-04,0.9404,1
0,7.9,0.0794,0.0664,0.033,0.0453,0.0372,0.033,1.7861,4
0,10,0.1465,0.1619,0.042,0.0515,0.054,0.042,2.9977,4
1,1.1,0.2387,0.0296,0.0045,0.0377,0.0042,0.0045,7.1009,4
0,9.4,0.1581,0.1651,0.0394,0.0713,0.071,0.0394,2.3262,4
0,10,0.0395,0.0412,0.042,0.0272,0.0281,0.042,1.4635,3
0,4.7,0.0027,0.0013,0.0196,0.0135,0.0065,0.0196,0.1961,1
0,10,0.0992,0.1067,0.042,0.0164,0.0169,0.042,6.314,4
0,7.6,0.0078,0.0061,0.0321,0.0197,0.0156,0.0321,0.3948,1
0,10,0.0207,0.0214,0.042,0.0216,0.0224,0.042,0.9564,2
0,6.1,0.0173,0.0109,0.0257,0.013,0.0082,0.0257,1.3351,2
0,6.5,0.039,0.0264,0.0273,0.0204,0.0136,0.0273,1.9352,3
0,2.4,0.0269,0.0066,0.0099,0.042,0.0104,0.0099,0.6368,2
0,10,0.0083,0.0085,0.042,0.0137,0.0141,0.042,0.6044,1
0,1.8,0.013,0.0024,0.0076,0.0244,0.0046,0.0076,0.5287,1
0,1.2,0.0381,0.0048,0.0051,0.0129,0.0016,0.0051,2.985,3
0,10,0.0078,0.008,0.042,0.0078,0.008,0.042,0.9944,1
0,3.2,0.0106,0.0035,0.0134,0.0235,0.0078,0.0134,0.4467,1
0,10,0.1981,0.2259,0.042,0.0228,0.0236,0.042,9.5801,4
0,4,0.0098,0.004,0.0168,0.017,0.007,0.0168,0.5746,1
0,3.8,0.0403,0.0158,0.0158,0.0131,0.0051,0.0158,3.1166,3
1,7.1,0.1147,0.0889,0.03,0.0212,0.0156,0.03,5.683,4
0,10,0.0063,0.0064,0.042,0.0045,0.0046,0.042,1.3966,1
0,10,0.0086,0.0089,0.042,0.0202,0.0208,0.042,0.4256,1
0,10,0.0367,0.0382,0.042,0.0348,0.0361,0.042,1.0568,3
1,6.1,0.1075,0.0706,0.0255,0.0581,0.0372,0.0255,1.9006,4
0,3.2,0.2392,0.0887,0.0133,0.2312,0.0853,0.0133,1.04,4
0,5.8,0.0059,0.0035,0.0243,0.0047,0.0028,0.0243,1.27,1
0,10,0.015,0.0154,0.042,0.007,0.0072,0.042,2.1398,1
0,10,0.1413,0.1557,0.042,0.1229,0.1341,0.042,1.1613,4
0,0.7,0.0192,0.0014,0.003,0.0252,0.0019,0.003,0.7584,2
0,5.5,0.2422,0.1572,0.0233,0.0408,0.0235,0.0233,6.6738,4
0,3.6,0.0323,0.0119,0.0149,0.0273,0.01,0.0149,1.1899,2
0,5.4,0.0151,0.0084,0.0228,0.0083,0.0046,0.0228,1.8264,1
2,5.3,0.0248,0.0136,0.0222,0.026,0.0142,0.0222,0.9553,2
0,1.8,0.0177,0.0033,0.0075,0.0118,0.0022,0.0075,1.5008,2
0,5.3,0.1958,0.1191,0.0224,0.0522,0.0293,0.0224,4.0673,4
0,3.3,0.4615,0.2108,0.0139,0.068,0.0239,0.0139,8.8337,4
0,10,0.0534,0.0561,0.042,0.0287,0.0297,0.042,1.8862,3
0,10,0.1936,0.22,0.042,0.0698,0.0739,0.042,2.9773,4
0,5.7,0.064,0.0386,0.024,0.0736,0.0446,0.024,0.865,3
0,10,0.0118,0.0122,0.042,0.0236,0.0244,0.042,0.4988,1
0,10,0.0157,0.0162,0.042,0.0157,0.0162,0.042,0.9991,1
0,1.2,0.0092,0.0011,0.0048,0.0075,9e-04,0.0048,1.2338,1
0,4.6,0.0174,0.0082,0.0193,0.0216,0.0102,0.0193,0.8028,2
0,8.6,0.0161,0.0142,0.0361,0.0084,0.0074,0.0361,1.9313,2
0,4.4,0.0261,0.012,0.0187,0.0196,0.009,0.0187,1.3393,2
0,1.9,0.0062,0.0012,0.008,0.0115,0.0022,0.008,0.5381,1
0,10,0.0576,0.0606,0.042,0.0479,0.0501,0.042,1.2098,3
1,7.4,0.0434,0.0337,0.0312,0.0656,0.0515,0.0312,0.6547,3
0,1.7,0.007,0.0012,0.0072,0.0027,5e-04,0.0072,2.5751,1
0,10,0.0406,0.0423,0.042,0.0107,0.011,0.042,3.8424,3
0,2.6,0.0687,0.0186,0.0108,0.0265,0.007,0.0108,2.6545,3
0,10,0.0656,0.0693,0.042,0.0095,0.0098,0.042,7.097,3
0,10,0.0104,0.0107,0.042,0.0151,0.0156,0.042,0.6881,1
0,10,0.0793,0.0844,0.042,0.02,0.0206,0.042,4.093,4
0,10,0.0485,0.0508,0.042,0.0383,0.0399,0.042,1.2753,3
0,4.8,0.0809,0.0412,0.0201,0.0289,0.0143,0.0201,2.8804,4
0,10,0.0282,0.0292,0.042,0.0345,0.0359,0.042,0.8148,2
0,10,0.0375,0.039,0.042,0.0114,0.0117,0.042,3.3455,3
0,0.7,0.0419,0.0032,0.0031,0.0208,0.0016,0.0031,2.0391,3
0,10,0.0508,0.0532,0.042,0.0127,0.0131,0.042,4.0727,3
0,10,0.0613,0.0646,0.042,0.062,0.0654,0.042,0.9881,3
0,3.2,0.0168,0.0056,0.0136,0.0125,0.0041,0.0136,1.3498,2
0,1.8,0.0177,0.0033,0.0076,0.0103,0.0019,0.0076,1.7274,2
0,1.3,0.0133,0.0018,0.0056,0.008,0.0011,0.0056,1.6684,1
0,0.3,0.0214,8e-04,0.0014,0.0275,0.001,0.0014,0.776,2
0,2.5,0.0401,0.0103,0.0104,0.0118,0.003,0.0104,3.4436,3
0,10,0.0181,0.0187,0.042,0.0147,0.0151,0.042,1.2384,2
0,10,0.1087,0.1176,0.042,0.0457,0.0478,0.042,2.4612,4
0,10,0.0382,0.0397,0.042,0.0287,0.0297,0.042,1.3369,3
0,5.5,0.178,0.1111,0.0233,0.0582,0.034,0.0233,3.2697,4
0,1,0.1121,0.0117,0.0041,0.0468,0.0047,0.0041,2.4824,4
0,10,0.0189,0.0195,0.042,0.0123,0.0126,0.042,1.5461,2
2,3.8,0.013,0.005,0.0158,0.0055,0.0021,0.0158,2.3704,1
0,1,0.0273,0.0029,0.0043,0.0062,7e-04,0.0043,4.4512,2
0,7.2,0.0565,0.0425,0.0301,0.0263,0.0195,0.0301,2.1779,3
0,10,0.0031,0.0031,0.042,0.0045,0.0047,0.042,0.6759,1
2,5.6,0.0381,0.0224,0.0237,0.0127,0.0074,0.0237,3.0356,3
0,8.7,0.0312,0.0283,0.0367,0.0156,0.014,0.0367,2.0214,2
0,10,0.02,0.0206,0.042,0.0092,0.0095,0.042,2.1776,2
0,10,0.0735,0.078,0.042,0.0144,0.0148,0.042,5.2584,4
0,10,0.0262,0.0271,0.042,0.0408,0.0425,0.042,0.6384,2
0,4.3,0.0162,0.0072,0.0182,0.0219,0.0098,0.0182,0.7357,2
0,8.3,0.0249,0.0214,0.0349,0.0121,0.0103,0.0349,2.0674,2
0,10,0.0213,0.022,0.042,0.0189,0.0195,0.042,1.1284,2
0,4.3,0.0364,0.0162,0.018,0.0299,0.0133,0.018,1.2205,3
0,9.9,0.0159,0.0162,0.0415,0.0106,0.0107,0.0415,1.5063,1
0,2,0.0511,0.0108,0.0084,0.0288,0.006,0.0084,1.7929,3
0,7.9,0.0328,0.027,0.0333,0.0123,0.01,0.0333,2.692,2
0,10,0.0487,0.051,0.042,0.0324,0.0337,0.042,1.5154,3
0,10,0.0305,0.0317,0.042,0.0191,0.0197,0.042,1.6043,2
0,4.9,0.0654,0.0336,0.0204,0.0179,0.009,0.0204,3.7391,3
0,10,0.0154,0.0159,0.042,0.0143,0.0147,0.042,1.08,1
0,10,0.0123,0.0126,0.042,0.013,0.0133,0.042,0.9461,1
0,7.4,0.0053,0.004,0.0311,0.0056,0.0042,0.0311,0.946,1
0,10,0.0153,0.0158,0.042,0.0107,0.011,0.042,1.433,1
2,2.4,0.0081,0.002,0.01,0.0054,0.0013,0.01,1.4908,1
0,7.5,0.0235,0.0182,0.0316,0.0288,0.0224,0.0316,0.8133,2
2,2.4,0.0198,0.0049,0.0102,0.0156,0.0039,0.0102,1.2686,2
0,2.1,0.1002,0.0224,0.0087,0.0197,0.0042,0.0087,5.2997,4
0,5.6,0.0238,0.0139,0.0236,0.0165,0.0096,0.0236,1.4456,2
0,8.8,0.0784,0.0736,0.0371,0.0309,0.0283,0.0371,2.602,4
0,0.4,0.0099,4e-04,0.0018,0.0073,3e-04,0.0018,1.3579,1
0,10,0.124,0.1353,0.042,0.0777,0.0827,0.042,1.6372,4
0,10,0.0164,0.0169,0.042,0.0138,0.0142,0.042,1.1905,2
0,10,0.0497,0.0521,0.042,0.0162,0.0166,0.042,3.1328,3
0,8.7,0.007,0.0062,0.0364,0.0122,0.0109,0.0364,0.5729,1
0,10,0.0123,0.0126,0.042,0.0255,0.0264,0.042,0.4765,1
0,10,0.0044,0.0045,0.042,0.0052,0.0053,0.042,0.8472,1
0,10,0.0494,0.0517,0.042,0.014,0.0143,0.042,3.6056,3
1,4.6,0.0296,0.014,0.0192,0.0185,0.0087,0.0192,1.6133,2
1,8.9,0.021,0.0193,0.0374,0.0149,0.0136,0.0374,1.4149,2
0,9.9,0.2529,0.2954,0.0416,0.0694,0.0728,0.0416,4.0591,4
1,4.9,0.1768,0.0971,0.0205,0.0407,0.0207,0.0205,4.6913,4
0,10,0.0889,0.0952,0.042,0.0271,0.0281,0.042,3.3924,4
0,6.5,0.0168,0.0112,0.0272,0.0076,0.005,0.0272,2.2342,2
0,0.3,0.0312,0.0011,0.0014,0.03,0.001,0.0014,1.0427,2
0,10,0.0346,0.0359,0.042,0.0409,0.0427,0.042,0.8417,3
0,10,0.0499,0.0523,0.042,0.0134,0.0137,0.042,3.8052,3
2,7,0.0724,0.0534,0.0292,0.024,0.0173,0.0292,3.0952,4
0,10,0.0111,0.0114,0.042,0.0282,0.0292,0.042,0.3911,1
0,10,0.0188,0.0194,0.042,0.0228,0.0236,0.042,0.8215,2
0,2,0.0415,0.0088,0.0086,0.0128,0.0027,0.0086,3.2795,3
0,10,0.2341,0.2728,0.042,0.0358,0.0372,0.042,7.3315,4
0,8.8,0.0295,0.027,0.0371,0.0182,0.0166,0.0371,1.6306,2
0,10,0.1071,0.1158,0.042,0.0327,0.0339,0.042,3.4129,4
0,10,0.0943,0.1012,0.042,0.0515,0.054,0.042,1.8734,4
0,10,0.0216,0.0223,0.042,0.0033,0.0034,0.042,6.6148,2
0,10,0.0926,0.0993,0.042,0.0393,0.0409,0.042,2.4277,4
0,10,0.0534,0.0561,0.042,0.0364,0.0378,0.042,1.4832,3
0,10,0.0489,0.0513,0.042,0.0222,0.023,0.042,2.2332,3
0,10,0.1395,0.1536,0.042,0.0741,0.0787,0.042,1.9519,4
0,10,0.037,0.0385,0.042,0.0134,0.0138,0.042,2.7935,3
0,10,0.0614,0.0647,0.042,0.0144,0.0148,0.042,4.3766,3
0,6,0.0199,0.0124,0.0254,0.0077,0.0048,0.0254,2.6098,2
0,10,0.0312,0.0324,0.042,0.0213,0.022,0.042,1.4738,2
0,10,0.0187,0.0193,0.042,0.0207,0.0213,0.042,0.9025,2
2,2,0.0059,0.0012,0.0084,0.0093,0.0019,0.0084,0.6286,1
0,10,0.0873,0.0934,0.042,0.0362,0.0376,0.042,2.4821,4
0,2.1,0.0369,0.008,0.0087,0.033,0.0071,0.0087,1.1199,3
0,10,0.0222,0.0229,0.042,0.0197,0.0203,0.042,1.1285,2
0,10,0.0999,0.1075,0.042,0.0357,0.0371,0.042,2.8984,4
0,4.6,0.1104,0.0552,0.0194,0.0391,0.0188,0.0194,2.9351,4
0,10,0.0023,0.0024,0.042,0.0032,0.0033,0.042,0.7094,1
0,10,0.0072,0.0074,0.042,0.0102,0.0104,0.042,0.7085,1
0,10,0.0556,0.0584,0.042,0.034,0.0353,0.042,1.6531,3
0,4.8,0.0846,0.0437,0.0203,0.0666,0.0341,0.0203,1.2818,4
0,10,0.0131,0.0134,0.042,0.0062,0.0064,0.042,2.1055,1
0,10,0.1901,0.2156,0.042,0.1636,0.1827,0.042,1.1799,4
0,1.2,0.0402,0.0052,0.0052,0.0202,0.0026,0.0052,2.0126,3
0,7.3,0.052,0.0399,0.0307,0.017,0.0128,0.0307,3.1161,3
0,10,0.0083,0.0085,0.042,0.0101,0.0104,0.042,0.8162,1
0,0.1,0.0433,6e-04,6e-04,0.0295,4e-04,6e-04,1.479,3
0,10,0.0086,0.0088,0.042,0.015,0.0154,0.042,0.5691,1
0,10,0.1599,0.1781,0.042,0.0515,0.054,0.042,3.297,4
0,10,0.0082,0.0084,0.042,0.0103,0.0106,0.042,0.7971,1
1,0.7,0.0465,0.0034,0.0029,0.0321,0.0023,0.0029,1.4593,3
0,10,0.1239,0.1352,0.042,0.0431,0.045,0.042,3.0009,4
0,10,0.0111,0.0114,0.042,0.0095,0.0098,0.042,1.1695,1
0,7.4,0.0317,0.0243,0.031,0.0307,0.0236,0.031,1.0306,2
0,0.7,0.0403,0.0029,0.0029,0.0076,5e-04,0.0029,5.3806,3
0,10,0.016,0.0165,0.042,0.0232,0.0239,0.042,0.6893,2
0,10,0.0127,0.013,0.042,0.0262,0.0271,0.042,0.4807,1
0,10,0.0196,0.0202,0.042,0.0163,0.0167,0.042,1.2083,2
0,5.1,0.0338,0.0178,0.0212,0.0103,0.0054,0.0212,3.3066,3
0,1.6,0.011,0.0019,0.0069,0.0098,0.0017,0.0069,1.1145,1
0,6.1,0.2901,0.2146,0.0257,0.1149,0.0763,0.0257,2.8127,4
0,6.6,0.0148,0.01,0.0276,0.027,0.0184,0.0276,0.5441,1
0,5.9,0.0712,0.0442,0.0246,0.0255,0.0154,0.0246,2.8629,4
0,10,0.0165,0.017,0.042,0.0086,0.0088,0.042,1.9219,2
0,10,0.0102,0.0105,0.042,0.0104,0.0107,0.042,0.9857,1
0,6.8,0.0128,0.009,0.0287,0.0103,0.0072,0.0287,1.2436,1
0,10,0.014,0.0144,0.042,0.0101,0.0103,0.042,1.3917,1
0,0.6,0.4434,0.0381,0.0027,0.0583,0.0039,0.0027,9.7919,4
0,10,0.0608,0.0641,0.042,0.0312,0.0324,0.042,1.9815,3
0,10,0.0733,0.0778,0.042,0.0301,0.0312,0.042,2.4904,4
0,10,0.1454,0.1606,0.042,0.0234,0.0242,0.042,6.6499,4
0,4.9,0.0583,0.0299,0.0204,0.0169,0.0085,0.0204,3.5284,3
0,4.1,0.0214,0.0091,0.0173,0.011,0.0046,0.0173,1.9626,2
0,10,0.0827,0.0882,0.042,0.0858,0.0916,0.042,0.9628,4
0,4.4,0.0288,0.013,0.0184,0.0392,0.0178,0.0184,0.731,2
0,10,0.0327,0.0339,0.042,0.0365,0.0379,0.042,0.895,2
0,4.9,0.0082,0.0041,0.0205,0.0177,0.0089,0.0205,0.4611,1
0,8.5,0.061,0.0549,0.0358,0.0352,0.0312,0.0358,1.7594,3
0,10,0.0672,0.0711,0.042,0.0309,0.0321,0.042,2.2174,3
0,2.1,0.0105,0.0022,0.0087,0.0194,0.0042,0.0087,0.5368,1
0,10,0.1051,0.1134,0.042,0.0496,0.052,0.042,2.1832,4
0,10,0.1637,0.1827,0.042,0.035,0.0364,0.042,5.0222,4
0,10,0.0038,0.0038,0.042,0.0077,0.0079,0.042,0.4894,1
0,10,0.0497,0.0521,0.042,0.0133,0.0137,0.042,3.8112,3
0,10,0.0112,0.0115,0.042,0.0372,0.0388,0.042,0.2977,1
0,10,0.0023,0.0024,0.042,0.0049,0.005,0.042,0.4778,1
0,10,0.0324,0.0336,0.042,0.0164,0.0169,0.042,1.9902,2
0,10,0.0164,0.0169,0.042,0.0155,0.0159,0.042,1.0618,2
0,1,0.0068,7e-04,0.0041,0.0037,4e-04,0.0041,1.8418,1
0,0.5,0.0263,0.0013,0.002,0.0131,6e-04,0.002,2.029,2
0,2,0.0287,0.0059,0.0083,0.0369,0.0076,0.0083,0.7741,2
0,10,0.021,0.0216,0.042,0.0171,0.0176,0.042,1.2273,2
2,2.6,0.0106,0.0029,0.011,0.0071,0.0019,0.011,1.5109,1
0,10,0.0315,0.0327,0.042,0.0109,0.0112,0.042,2.9234,2
0,2.5,0.1075,0.0287,0.0104,0.0723,0.0189,0.0104,1.5163,4
0,4.7,0.0679,0.0337,0.0197,0.0488,0.024,0.0197,1.4055,3
0,6.9,0.0117,0.0083,0.029,0.0092,0.0065,0.029,1.2727,1
0,0.7,0.036,0.0025,0.0028,0.0214,0.0015,0.0028,1.6978,3
0,10,0.1508,0.1672,0.042,0.0378,0.0394,0.042,4.2482,4
0,10,0.1362,0.1497,0.042,0.0362,0.0377,0.042,3.9704,4
0,10,0.0824,0.0879,0.042,0.0321,0.0333,0.042,2.6375,4
0,6.8,0.0379,0.0269,0.0286,0.017,0.0119,0.0286,2.256,3
0,7.5,0.0094,0.0073,0.0317,0.004,0.0031,0.0317,2.3762,1
0,0.5,0.0637,0.0034,0.0021,0.0582,0.0031,0.0021,1.0979,3
0,10,0.0446,0.0466,0.042,0.037,0.0385,0.042,1.2114,3
0,10,0.0288,0.0299,0.042,0.0164,0.0169,0.042,1.766,2
1,5.5,0.02,0.0113,0.023,0.0151,0.0085,0.023,1.327,2
2,0.7,0.0774,0.0058,0.003,0.0149,0.0011,0.003,5.3801,4
0,10,0.0477,0.0499,0.042,0.0139,0.0142,0.042,3.5013,3
0,10,0.143,0.1578,0.042,0.0412,0.043,0.042,3.6709,4
0,10,0.118,0.1283,0.042,0.0325,0.0337,0.042,3.8063,4
0,1.4,0.083,0.0124,0.0059,0.021,0.003,0.0059,4.0745,4
0,4.9,0.2774,0.162,0.0204,0.0475,0.0242,0.0204,6.6933,4
0,10,0.0438,0.0457,0.042,0.0168,0.0173,0.042,2.6486,3
0,2.2,0.0056,0.0013,0.0093,0.0119,0.0027,0.0093,0.4681,1
0,10,0.0187,0.0193,0.042,0.0035,0.0035,0.042,5.4577,2
1,5.4,0.1083,0.0635,0.0228,0.0211,0.0118,0.0228,5.3847,4
0,1.3,0.0712,0.0096,0.0054,0.0291,0.0038,0.0054,2.5026,4
0,6.3,0.0603,0.0398,0.0263,0.0138,0.0089,0.0263,4.4761,3
0,1.3,0.1105,0.0159,0.0056,0.0294,0.0041,0.0056,3.9198,4
0,10,0.0043,0.0044,0.042,0.0278,0.0288,0.042,0.1526,1
0,10,0.0061,0.0063,0.042,0.0082,0.0084,0.042,0.7452,1
0,10,0.2383,0.2785,0.042,0.0466,0.0487,0.042,5.714,4
0,10,0.2395,0.2801,0.042,0.0513,0.0538,0.042,5.2059,4
0,4,0.0209,0.0086,0.0167,0.0154,0.0063,0.0167,1.3673,2
0,8.9,0.0241,0.0222,0.0374,0.027,0.0249,0.0374,0.8914,2
0,1.8,0.0118,0.0022,0.0077,0.0235,0.0045,0.0077,0.4998,1
0,5.6,0.0468,0.0273,0.0235,0.038,0.0221,0.0235,1.2377,3
0,10,0.0111,0.0114,0.042,0.0082,0.0084,0.042,1.3543,1
0,10,0.0284,0.0294,0.042,0.024,0.0248,0.042,1.1847,2
0,10,0.0316,0.0328,0.042,0.0253,0.0261,0.042,1.2542,2
0,8.4,0.0213,0.0185,0.0354,0.0138,0.012,0.0354,1.5483,2
0,10,0.0803,0.0856,0.042,0.0213,0.022,0.042,3.8928,4
2,1.3,0.0048,6e-04,0.0054,0.0032,4e-04,0.0054,1.497,1
0,0.3,0.0172,5e-04,0.0011,0.0109,3e-04,0.0011,1.5943,2
0,1.4,0.0655,0.0095,0.0057,0.0394,0.0056,0.0057,1.6867,3
0,4.1,0.0129,0.0055,0.0174,0.0058,0.0025,0.0174,2.2369,1
0,10,0.0587,0.0618,0.042,0.0665,0.0703,0.042,0.8794,3
2,0.9,0.0394,0.0035,0.0036,0.0261,0.0023,0.0036,1.5243,3
0,10,0.0186,0.0192,0.042,0.0215,0.0222,0.042,0.8657,2
0,4.9,0.136,0.0729,0.0205,0.0193,0.0097,0.0205,7.4946,4
0,10,0.0226,0.0233,0.042,0.0124,0.0127,0.042,1.8319,2
0,0.8,0.007,6e-04,0.0033,0.0158,0.0013,0.0033,0.4419,1
0,10,0.023,0.0237,0.042,0.0216,0.0223,0.042,1.065,2
0,10,0.1082,0.117,0.042,0.0599,0.0631,0.042,1.8532,4
0,10,0.0383,0.0399,0.042,0.0139,0.0143,0.042,2.7865,3
0,0.3,0.0394,0.0011,0.0011,0.0083,2e-04,0.0011,4.8167,3
0,4.4,0.0245,0.0112,0.0185,0.0306,0.014,0.0185,0.798,2
0,4.2,0.092,0.0412,0.0176,0.0254,0.011,0.0176,3.7482,4
0,0.8,0.0519,0.0041,0.0032,0.1053,0.0086,0.0032,0.4787,3
0,10,0.0716,0.0759,0.042,0.0282,0.0292,0.042,2.599,4
0,7.8,0.0857,0.0717,0.0329,0.0715,0.0594,0.0329,1.2081,4
0,3.5,0.025,0.0089,0.0145,0.0189,0.0067,0.0145,1.3271,2
0,10,0.1241,0.1354,0.042,0.0369,0.0384,0.042,3.5272,4
0,3.6,0.0707,0.0271,0.0152,0.0193,0.0072,0.0152,3.7568,3
0,7.6,0.0449,0.0358,0.032,0.0269,0.0213,0.032,1.6842,3
0,10,0.0075,0.0077,0.042,0.0043,0.0044,0.042,1.7459,1
0,10,0.098,0.1054,0.042,0.0187,0.0192,0.042,5.4789,4
0,3.5,0.0375,0.0135,0.0145,0.0422,0.0152,0.0145,0.8852,3
0,8.7,0.129,0.1228,0.0365,0.0277,0.025,0.0365,4.918,4
0,10,0.0183,0.0189,0.042,0.0145,0.0149,0.042,1.2673,2
0,10,0.1049,0.1132,0.042,0.0691,0.0731,0.042,1.5484,4
0,10,0.1421,0.1566,0.042,0.067,0.0709,0.042,2.21,4
0,10,0.0753,0.08,0.042,0.0279,0.0289,0.042,2.7698,4
1,3.3,0.0588,0.0205,0.0139,0.029,0.01,0.0139,2.0561,3
0,8.3,0.0648,0.0569,0.0349,0.0064,0.0055,0.0349,10.4369,3
0,9.6,0.0399,0.04,0.0404,0.0121,0.0119,0.0404,3.3546,3
0,1.8,0.0358,0.0068,0.0077,0.0083,0.0015,0.0077,4.4049,3
0,1,0.0224,0.0024,0.0043,0.0162,0.0017,0.0043,1.3864,2
0,7.9,0.0408,0.0336,0.0332,0.0255,0.0208,0.0332,1.6156,3
0,10,0.0236,0.0243,0.042,0.0287,0.0297,0.042,0.82,2
0,0.6,0.0127,8e-04,0.0026,0.0101,6e-04,0.0026,1.2648,1
0,9.3,0.0639,0.0627,0.039,0.0371,0.0359,0.039,1.7483,3
1,8.2,0.1718,0.1572,0.0342,0.0603,0.0518,0.0342,3.0315,4
2,1.3,0.1096,0.0159,0.0056,0.0381,0.0053,0.0056,2.9884,4
0,10,0.0041,0.0041,0.042,0.0026,0.0027,0.042,1.5609,1
0,10,0.0224,0.0232,0.042,0.0065,0.0067,0.042,3.4705,2
0,10,0.0413,0.0431,0.042,0.0223,0.0231,0.042,1.8675,3
0,6.8,0.0242,0.0171,0.0287,0.0242,0.0171,0.0287,1,2
0,10,0.1152,0.1251,0.042,0.0125,0.0128,0.042,9.7473,4
0,10,0.0237,0.0245,0.042,0.0088,0.009,0.042,2.7183,2
1,9.8,0.0564,0.0579,0.041,0.0099,0.0099,0.041,5.8245,3
0,4.3,0.026,0.0115,0.018,0.0183,0.0081,0.018,1.4224,2
0,9.7,0.1354,0.1438,0.0406,0.0353,0.0354,0.0406,4.056,4
0,10,0.0084,0.0086,0.042,0.0096,0.0099,0.042,0.8697,1
0,10,0.02,0.0206,0.042,0.0171,0.0176,0.042,1.1725,2
0,6.7,0.0154,0.0105,0.0279,0.0125,0.0085,0.0279,1.2349,1
0,10,0.0727,0.0771,0.042,0.0285,0.0296,0.042,2.6083,4
0,10,0.0386,0.0402,0.042,0.032,0.0333,0.042,1.2076,3
0,10,0.0406,0.0424,0.042,0.0139,0.0143,0.042,2.9598,3
0,10,0.1069,0.1155,0.042,0.0427,0.0446,0.042,2.5888,4
0,10,0.0122,0.0126,0.042,0.0106,0.0108,0.042,1.1602,1
0,6.3,0.1417,0.0978,0.0263,0.0341,0.0221,0.0263,4.4158,4
0,10,0.0373,0.0388,0.042,0.0174,0.018,0.042,2.1581,3
0,10,0.0288,0.0298,0.042,0.0178,0.0183,0.042,1.6288,2
0,1.7,0.0625,0.0109,0.007,0.0208,0.0036,0.007,3.0784,3
0,10,0.0154,0.0159,0.042,0.0053,0.0054,0.042,2.9447,1
0,0.3,0.0073,2e-04,0.0013,0.0161,5e-04,0.0013,0.4493,1
0,10,0.0154,0.0158,0.042,0.0123,0.0126,0.042,1.2508,1
0,9.6,0.0272,0.0272,0.0404,0.0127,0.0125,0.0404,2.1669,2
0,10,0.0227,0.0235,0.042,0.0258,0.0267,0.042,0.8792,2
0,10,0.1381,0.1519,0.042,0.0265,0.0274,0.042,5.5422,4
0,10,0.1095,0.1185,0.042,0.0629,0.0663,0.042,1.7871,4
0,1.4,0.0097,0.0014,0.0059,0.0186,0.0027,0.0059,0.5211,1
0,10,0.0408,0.0425,0.042,0.0372,0.0387,0.042,1.0972,3
0,10,0.0325,0.0337,0.042,0.0123,0.0127,0.042,2.6597,2
0,5.1,0.0075,0.0039,0.0213,0.0062,0.0032,0.0213,1.2027,1
0,10,0.013,0.0134,0.042,0.0145,0.0149,0.042,0.8964,1
0,3.7,0.0999,0.0398,0.0155,0.0593,0.0231,0.0155,1.7232,4
0,10,0.1195,0.1301,0.042,0.0498,0.0522,0.042,2.4921,4
0,9.4,0.0573,0.0566,0.0394,0.0352,0.0344,0.0394,1.6462,3
0,10,0.0454,0.0475,0.042,0.0229,0.0237,0.042,2.003,3
0,2.8,0.0263,0.0075,0.0116,0.0175,0.005,0.0116,1.5131,2
0,10,0.0067,0.0069,0.042,0.0043,0.0044,0.042,1.5522,1
0,10,0.0658,0.0695,0.042,0.0263,0.0272,0.042,2.5531,3
0,1.8,0.1317,0.0257,0.0075,0.0801,0.0152,0.0075,1.6925,4
2,0.5,0.0212,0.0011,0.002,0.0225,0.0011,0.002,0.9416,2
0,10,0.2912,0.3524,0.042,0.137,0.1506,0.042,2.3398,4
0,9.5,0.0473,0.0469,0.0398,0.0128,0.0124,0.0398,3.7679,3
0,10,0.0098,0.01,0.042,0.0195,0.0201,0.042,0.4998,1
0,10,0.0834,0.089,0.042,0.037,0.0385,0.042,2.3141,4
0,9.1,0.0129,0.0121,0.0384,0.0134,0.0126,0.0384,0.9599,1
1,2.7,0.0128,0.0035,0.0112,0.0232,0.0064,0.0112,0.5482,1
0,1.5,0.0051,8e-04,0.0062,0.0119,0.0018,0.0062,0.4245,1
0,10,0.01,0.0102,0.042,0.0074,0.0075,0.042,1.3597,1
2,6.1,0.0055,0.0034,0.0256,0.0105,0.0066,0.0256,0.5188,1
0,1.1,0.1081,0.0133,0.0048,0.0673,0.0081,0.0048,1.6419,4
0,4.2,0.0608,0.0271,0.0178,0.0457,0.0202,0.0178,1.3423,3
0,10,0.1742,0.1957,0.042,0.0437,0.0456,0.042,4.2884,4
0,6.9,0.2934,0.2451,0.0289,0.0293,0.0209,0.0289,11.7021,4
0,10,0.0241,0.0249,0.042,0.0093,0.0095,0.042,2.6145,2
0,10,0.1644,0.1836,0.042,0.0322,0.0334,0.042,5.4925,4
0,10,0.3275,0.4065,0.042,0.111,0.1203,0.042,3.3787,4
0,2.2,0.0179,0.0041,0.0093,0.0112,0.0026,0.0093,1.5962,2
1,5.9,0.5479,0.4789,0.0246,0.1309,0.0841,0.0246,5.6925,4
2,8,0.0221,0.0184,0.0338,0.0132,0.0109,0.0338,1.6854,2
0,10,0.112,0.1214,0.042,0.0375,0.0391,0.042,3.1067,4
0,10,0.058,0.0611,0.042,0.0302,0.0314,0.042,1.9472,3
0,10,0.0147,0.0151,0.042,0.0132,0.0136,0.042,1.1144,1
0,10,0.0164,0.0169,0.042,0.0289,0.0299,0.042,0.5663,2
0,10,0.1636,0.1827,0.042,0.0467,0.0488,0.042,3.7423,4
0,6.5,0.1343,0.0962,0.0274,0.0443,0.0302,0.0274,3.1837,4
0,10,0.0188,0.0194,0.042,0.0104,0.0106,0.042,1.8194,2
0,10,0.0353,0.0367,0.042,0.0138,0.0142,0.042,2.591,3
0,10,0.0182,0.0187,0.042,0.0363,0.0378,0.042,0.4957,2
0,9,0.0949,0.0917,0.0378,0.0258,0.024,0.0378,3.8177,4
0,8.8,0.0409,0.0374,0.0368,0.0129,0.0117,0.0368,3.2105,3
2,5.2,0.0812,0.0454,0.022,0.0307,0.0167,0.022,2.7122,4
0,10,0.0117,0.012,0.042,0.0093,0.0095,0.042,1.2633,1
0,5.8,0.0061,0.0036,0.0242,0.0143,0.0085,0.0242,0.4228,1
0,0.4,0.0186,8e-04,0.0017,0.0158,6e-04,0.0017,1.1801,2
0,10,0.0306,0.0318,0.042,0.025,0.0258,0.042,1.231,2
0,1.9,0.0119,0.0023,0.0079,0.0079,0.0015,0.0079,1.5058,1
0,1.8,0.0105,0.0019,0.0074,0.0064,0.0012,0.0074,1.6339,1
0,2,0.0479,0.0101,0.0085,0.0276,0.0058,0.0085,1.7511,3
2,4.5,0.017,0.0079,0.019,0.0235,0.011,0.019,0.7215,2
0,10,0.0452,0.0473,0.042,0.0616,0.0649,0.042,0.728,3
0,10,0.0099,0.0101,0.042,0.0091,0.0094,0.042,1.0781,1
0,10,0.0654,0.0691,0.042,0.0259,0.0267,0.042,2.5844,3
0,2.4,0.1893,0.0511,0.01,0.0948,0.0242,0.01,2.1094,4
0,1.7,0.0555,0.01,0.0072,0.0208,0.0037,0.0072,2.7147,3
0,5.8,0.0047,0.0028,0.0244,0.003,0.0018,0.0244,1.5727,1
0,6.7,0.0069,0.0048,0.0282,0.0063,0.0043,0.0282,1.1009,1
0,10,0.0438,0.0458,0.042,0.0135,0.0138,0.042,3.3086,3
2,4.3,0.0833,0.0378,0.0179,0.0192,0.0084,0.0179,4.4767,4
0,10,0.033,0.0343,0.042,0.0235,0.0243,0.042,1.4108,2
0,10,0.0119,0.0122,0.042,0.0176,0.0181,0.042,0.6735,1
0,10,0.1894,0.2147,0.042,0.0548,0.0576,0.042,3.7273,4
0,10,0.0258,0.0267,0.042,0.029,0.03,0.042,0.8905,2
0,10,0.0164,0.0169,0.042,0.0194,0.02,0.042,0.844,2
0,0.5,0.0238,0.0011,0.0019,0.0184,9e-04,0.0019,1.2963,2
0,10,0.024,0.0249,0.042,0.017,0.0175,0.042,1.4204,2
0,4.6,0.0142,0.0068,0.0194,0.0109,0.0052,0.0194,1.2997,1
0,10,0.0343,0.0357,0.042,0.0436,0.0455,0.042,0.7841,3
0,2.7,0.0039,0.0011,0.0114,0.0089,0.0025,0.0114,0.433,1
0,10,0.0178,0.0183,0.042,0.011,0.0113,0.042,1.6288,2
1,2.9,0.3832,0.1456,0.0123,0.1318,0.0425,0.0123,3.4302,4
0,1.8,0.0136,0.0025,0.0075,0.0086,0.0016,0.0075,1.5832,1
0,10,0.0971,0.1044,0.042,0.0267,0.0277,0.042,3.771,4
0,5.1,0.0026,0.0014,0.0215,0.0068,0.0036,0.0215,0.3795,1
0,7.3,0.2678,0.2345,0.0309,0.0534,0.0412,0.0309,5.6901,4
0,10,0.0045,0.0047,0.042,0.0093,0.0095,0.042,0.4903,1
0,8.7,0.0058,0.0051,0.0364,0.0131,0.0117,0.0364,0.437,1
0,5.4,0.0211,0.0118,0.0226,0.0217,0.0121,0.0226,0.9757,2
0,10,0.1063,0.1148,0.042,0.0094,0.0097,0.042,11.8763,4
0,10,0.005,0.0051,0.042,0.0062,0.0064,0.042,0.7972,1
0,10,0.022,0.0227,0.042,0.0147,0.0151,0.042,1.5,2
0,10,0.0472,0.0494,0.042,0.0091,0.0094,0.042,5.2689,3
0,10,0.0141,0.0145,0.042,0.0125,0.0129,0.042,1.1261,1
0,10,0.2304,0.268,0.042,0.045,0.047,0.042,5.6991,4
0,10,0.0342,0.0355,0.042,0.0062,0.0063,0.042,5.6331,3
0,10,0.0331,0.0344,0.042,0.0203,0.021,0.042,1.6417,2
0,10,0.0079,0.0082,0.042,0.0079,0.0081,0.042,1.0025,1
0,10,0.0183,0.0189,0.042,0.0245,0.0254,0.042,0.745,2
0,10,0.0416,0.0434,0.042,0.0313,0.0325,0.042,1.3372,3
0,10,0.0317,0.0329,0.042,0.0171,0.0176,0.042,1.8688,2
0,10,0.0095,0.0097,0.042,0.0193,0.0199,0.042,0.4889,1
0,0.6,0.0401,0.0025,0.0025,0.0181,0.0011,0.0025,2.2453,3
0,8.5,0.0192,0.0168,0.0357,0.045,0.04,0.0357,0.4207,2
0,8.7,0.0462,0.0418,0.0363,0.0248,0.0222,0.0363,1.8833,3
0,8.5,0.0088,0.0076,0.0356,0.0135,0.0118,0.0356,0.648,1
0,10,0.025,0.0259,0.042,0.0262,0.0271,0.042,0.9535,2
0,10,0.0298,0.0309,0.042,0.0226,0.0233,0.042,1.3218,2
0,8.5,0.0374,0.033,0.0357,0.075,0.0677,0.0357,0.4882,3
0,10,0.0211,0.0218,0.042,0.0086,0.0088,0.042,2.4634,2
0,10,0.0115,0.0118,0.042,0.0076,0.0077,0.042,1.5259,1
0,10,0.0091,0.0093,0.042,0.0142,0.0146,0.042,0.6362,1
0,10,0.0075,0.0077,0.042,0.0031,0.0032,0.042,2.407,1
0,0.9,0.0187,0.0017,0.0038,0.0173,0.0016,0.0038,1.0776,2
0,3.3,0.0204,0.0069,0.0139,0.0131,0.0044,0.0139,1.5633,2
0,1.7,0.1515,0.028,0.007,0.0453,0.0079,0.007,3.5458,4
0,5.7,0.162,0.1038,0.0241,0.1047,0.0649,0.0241,1.5994,4
0,9.1,0.034,0.0322,0.0382,0.0088,0.0082,0.0382,3.9122,3
0,2.6,0.0116,0.0031,0.0107,0.0145,0.0038,0.0107,0.8016,1
0,10,0.0211,0.0218,0.042,0.0125,0.0129,0.042,1.6907,2
0,10,0.0114,0.0117,0.042,0.0389,0.0405,0.042,0.2891,1
0,4,0.0786,0.0331,0.0166,0.0338,0.0139,0.0166,2.3834,4
0,10,0.0184,0.019,0.042,0.0174,0.0179,0.042,1.0602,2
0,6.9,0.0453,0.0327,0.029,0.0387,0.0278,0.029,1.1749,3
0,6.7,0.0015,0.001,0.0281,0.0058,0.004,0.0281,0.2639,1
0,1.7,0.3835,0.084,0.0071,0.0473,0.0084,0.0071,10.0164,4
0,2.1,0.0347,0.0075,0.0088,0.0173,0.0037,0.0088,2.0209,3
2,2.5,0.0741,0.0199,0.0106,0.0285,0.0075,0.0106,2.667,4
0,8.4,0.0544,0.0477,0.0351,0.0741,0.0657,0.0351,0.7261,3
0,10,0.0738,0.0783,0.042,0.0198,0.0205,0.042,3.8272,4
0,1.1,0.0487,0.0058,0.0048,0.0226,0.0027,0.0048,2.1833,3
0,6.7,0.0864,0.0619,0.0282,0.0761,0.0542,0.0282,1.1414,4
0,10,0.0312,0.0324,0.042,0.0177,0.0182,0.042,1.7759,2
0,7.2,0.0511,0.0385,0.0302,0.0184,0.0137,0.0302,2.8155,3
0,10,0.0969,0.1042,0.042,0.0174,0.0179,0.042,5.8101,4
0,4.2,0.021,0.0092,0.0178,0.0249,0.0109,0.0178,0.843,2
2,4.2,0.0272,0.012,0.0178,0.0147,0.0064,0.0178,1.8685,2
0,10,0.0107,0.011,0.042,0.0221,0.0228,0.042,0.4817,1
0,4.4,0.0372,0.0172,0.0187,0.0678,0.0319,0.0187,0.5389,3
0,6.3,0.0071,0.0046,0.0265,0.0113,0.0073,0.0265,0.631,1
0,7.3,0.0788,0.0609,0.0305,0.0218,0.0163,0.0305,3.7279,4
0,10,0.0152,0.0157,0.042,0.0048,0.0049,0.042,3.1966,1
0,8.5,0.01,0.0087,0.0356,0.0075,0.0065,0.0356,1.3364,1
0,4,0.1037,0.0444,0.0167,0.0254,0.0104,0.0167,4.2591,4
0,3.5,0.0202,0.0072,0.0146,0.0265,0.0095,0.0146,0.7595,2
0,6.8,0.0138,0.0096,0.0284,0.0136,0.0095,0.0284,1.0127,1
0,10,0.1382,0.152,0.042,0.0412,0.0429,0.042,3.541,4
0,10,0.0421,0.044,0.042,0.0133,0.0137,0.042,3.2195,3
0,10,0.012,0.0123,0.042,0.0155,0.016,0.042,0.7702,1
0,9.3,0.0854,0.0846,0.039,0.054,0.0526,0.039,1.6076,4
0,10,0.0639,0.0675,0.042,0.0132,0.0136,0.042,4.9749,3
0,4.7,0.0031,0.0015,0.0198,0.0061,0.003,0.0198,0.5081,1
0,1.1,0.0556,0.0063,0.0045,0.0251,0.0028,0.0045,2.2527,3
0,10,0.0367,0.0382,0.042,0.0543,0.057,0.042,0.6701,3
0,10,0.1425,0.1571,0.042,0.078,0.0829,0.042,1.8946,4
0,8.3,0.0165,0.014,0.0347,0.0088,0.0074,0.0347,1.8894,2
0,1.3,0.04,0.0053,0.0053,0.0319,0.0042,0.0053,1.2586,3
0,10,0.0246,0.0254,0.042,0.0085,0.0087,0.042,2.9156,2
0,9.3,0.0233,0.0225,0.0392,0.0145,0.014,0.0392,1.6127,2
0,7.3,0.176,0.145,0.0307,0.0383,0.0292,0.0307,4.9669,4
0,10,0.0271,0.0281,0.042,0.0125,0.0129,0.042,2.18,2
0,6.1,0.0165,0.0104,0.0256,0.0124,0.0077,0.0256,1.3384,2
0,10,0.0779,0.0829,0.042,0.0342,0.0356,0.042,2.3308,4
0,4.4,0.124,0.0599,0.0186,0.0236,0.0108,0.0186,5.5366,4
2,1.3,0.024,0.0031,0.0053,0.0264,0.0034,0.0053,0.9085,2
0,0.3,0.0387,0.0014,0.0015,0.0153,6e-04,0.0015,2.5539,3
0,10,0.0208,0.0215,0.042,0.0058,0.0059,0.042,3.6276,2
0,10,0.014,0.0144,0.042,0.0077,0.0079,0.042,1.8235,1
0,10,0.044,0.046,0.042,0.0249,0.0257,0.042,1.7889,3
0,10,0.0839,0.0895,0.042,0.1449,0.1601,0.042,0.5591,4
0,0.3,0.2117,0.0081,0.0014,0.0245,8e-04,0.0014,9.5935,4
0,10,0.0066,0.0067,0.042,0.0039,0.004,0.042,1.6701,1
0,3.7,0.0616,0.0239,0.0155,0.0756,0.0296,0.0155,0.8082,3
0,1.4,0.0079,0.0011,0.0058,0.0046,7e-04,0.0058,1.7223,1
0,10,0.0181,0.0187,0.042,0.019,0.0196,0.042,0.9553,2
0,10,0.094,0.1009,0.042,0.0205,0.0212,0.042,4.7672,4
0,10,0.0093,0.0095,0.042,0.0146,0.0151,0.042,0.6333,1
0,7.6,0.0256,0.02,0.0318,0.0224,0.0175,0.0318,1.1435,2
2,8,0.0572,0.0479,0.0334,0.0497,0.0415,0.0334,1.155,3
0,10,0.0139,0.0143,0.042,0.0071,0.0073,0.042,1.9686,1
0,7.5,0.0541,0.0427,0.0315,0.0225,0.0175,0.0315,2.4454,3
0,8.6,0.0517,0.0465,0.036,0.0155,0.0136,0.036,3.4102,3
0,10,0.0055,0.0056,0.042,0.0089,0.0091,0.042,0.6191,1
0,10,0.058,0.0611,0.042,0.0596,0.0627,0.042,0.9739,3
1,2.7,0.5007,0.1921,0.0113,0.0492,0.0139,0.0113,13.8379,4
0,10,0.0367,0.0382,0.042,0.0084,0.0086,0.042,4.4257,3
0,1,0.0526,0.0055,0.0042,0.0319,0.0033,0.0042,1.668,3
0,0.1,0.0305,2e-04,3e-04,0.0185,1e-04,3e-04,1.6566,2
2,7.2,0.0101,0.0074,0.0301,0.008,0.0059,0.0301,1.2662,1
0,9.6,0.0098,0.0096,0.0401,0.0076,0.0075,0.0401,1.2841,1
0,10,0.1048,0.1131,0.042,0.0426,0.0445,0.042,2.5423,4
0,9.5,0.0165,0.0162,0.04,0.004,0.0039,0.04,4.1269,2
0,10,0.028,0.029,0.042,0.0249,0.0257,0.042,1.129,2
0,10,0.0414,0.0432,0.042,0.0104,0.0107,0.042,4.039,3
0,4.4,0.0139,0.0063,0.0184,0.0397,0.0181,0.0184,0.3459,1
0,10,0.0533,0.0559,0.042,0.0261,0.027,0.042,2.0709,3
0,10,0.0231,0.0239,0.042,0.0212,0.0219,0.042,1.0904,2
0,3.2,0.0624,0.0208,0.0133,0.0066,0.0021,0.0133,9.735,3
1,3.9,0.1471,0.0629,0.0163,0.0336,0.0135,0.0163,4.6569,4
0,2.9,0.0144,0.0043,0.0121,0.0141,0.0042,0.0121,1.0251,1
0,10,0.0871,0.0932,0.042,0.0159,0.0164,0.042,5.6827,4
0,10,0.0042,0.0043,0.042,0.0055,0.0056,0.042,0.764,1
0,5.8,0.0334,0.02,0.0242,0.0304,0.0182,0.0242,1.0987,3
0,10,0.0459,0.048,0.042,0.015,0.0154,0.042,3.1087,3
0,10,0.047,0.0492,0.042,0.0565,0.0594,0.042,0.8273,3
0,5.9,0.1021,0.0653,0.0249,0.0477,0.0296,0.0249,2.2039,4
0,10,0.0401,0.0419,0.042,0.0377,0.0393,0.042,1.0661,3
1,6.1,0.037,0.0235,0.0256,0.0229,0.0144,0.0256,1.6258,3
0,1.5,0.0151,0.0024,0.0065,0.0192,0.003,0.0065,0.7874,1
0,10,0.0919,0.0985,0.042,0.0303,0.0315,0.042,3.1282,4
0,8,0.0255,0.0212,0.0338,0.0436,0.0366,0.0338,0.5792,2
0,5.5,0.2491,0.1598,0.0229,0.1257,0.0748,0.0229,2.1359,4
0,3.8,0.1095,0.0452,0.016,0.0211,0.0083,0.016,5.4466,4
0,2.6,0.2704,0.0835,0.0109,0.0275,0.0074,0.0109,11.3251,4
0,10,0.0198,0.0205,0.042,0.0083,0.0085,0.042,2.3957,2
0,10,0.0622,0.0656,0.042,0.0195,0.0201,0.042,3.2639,3
0,10,0.0061,0.0063,0.042,0.007,0.0072,0.042,0.8759,1
0,10,0.0195,0.0201,0.042,0.0191,0.0197,0.042,1.0196,2
0,10,0.0299,0.031,0.042,0.0196,0.0202,0.042,1.5355,2
0,2.1,0.0233,0.005,0.0087,0.0167,0.0036,0.0087,1.397,2
0,10,0.0085,0.0087,0.042,0.0084,0.0086,0.042,1.0071,1
0,10,0.0956,0.1027,0.042,0.0153,0.0158,0.042,6.5083,4
0,10,0.0101,0.0104,0.042,0.006,0.0062,0.042,1.6814,1
1,3.5,0.08,0.0301,0.0148,0.0354,0.013,0.0148,2.3148,4
0,10,0.004,0.0041,0.042,0.0068,0.007,0.042,0.5892,1
0,10,0.1132,0.1228,0.042,0.0441,0.0461,0.042,2.6662,4
0,10,0.0801,0.0853,0.042,0.026,0.0269,0.042,3.1767,4
0,10,0.0609,0.0642,0.042,0.0168,0.0173,0.042,3.701,3
1,6.1,0.1031,0.0676,0.0255,0.0494,0.0314,0.0255,2.1494,4
0,4.7,0.0069,0.0033,0.0197,0.0047,0.0023,0.0197,1.4785,1
0,10,0.1368,0.1504,0.042,0.0704,0.0745,0.042,2.0175,4
0,3.4,0.0288,0.0102,0.0143,0.0209,0.0073,0.0143,1.3883,2
0,10,0.0351,0.0365,0.042,0.0063,0.0065,0.042,5.6165,3
0,10,0.0788,0.0838,0.042,0.0526,0.0552,0.042,1.52,4
0,2.6,0.0147,0.004,0.0111,0.0125,0.0034,0.0111,1.1815,1
0,4.3,0.0421,0.0191,0.0183,0.0475,0.0216,0.0183,0.8844,3
0,10,0.0137,0.014,0.042,0.0061,0.0062,0.042,2.2542,1
0,10,0.0493,0.0516,0.042,0.0253,0.0261,0.042,1.9753,3
0,1.9,0.0234,0.0047,0.0081,0.0088,0.0017,0.0081,2.6901,2
0,10,0.0114,0.0117,0.042,0.0072,0.0074,0.042,1.5743,1
0,10,0.0314,0.0326,0.042,0.0129,0.0133,0.042,2.4607,2
0,10,0.0364,0.0379,0.042,0.0097,0.01,0.042,3.7962,3
2,0.8,0.0054,4e-04,0.0032,0.0051,4e-04,0.0032,1.0697,1
0,10,0.0883,0.0944,0.042,0.0225,0.0233,0.042,4.0607,4
0,1.1,0.0689,0.0077,0.0044,0.0175,0.0019,0.0044,4.039,3
0,10,0.0433,0.0452,0.042,0.039,0.0406,0.042,1.1115,3
0,10,0.0726,0.077,0.042,0.041,0.0428,0.042,1.8008,4
0,10,0.0189,0.0195,0.042,0.046,0.0481,0.042,0.4046,2
0,10,0.1101,0.1192,0.042,0.0341,0.0355,0.042,3.3599,4
0,9.2,0.0477,0.0458,0.0385,0.013,0.0122,0.0385,3.7471,3
0,1.5,0.0135,0.0021,0.0063,0.0067,0.001,0.0063,2.0259,1
0,0.3,0.1063,0.0034,0.0012,0.0393,0.0012,0.0012,2.8028,4
0,1.1,0.0059,6e-04,0.0044,0.005,5e-04,0.0044,1.1884,1
0,6.9,0.0394,0.0284,0.029,0.0223,0.0159,0.029,1.7793,3
0,2.6,0.0413,0.011,0.0107,0.0266,0.007,0.0107,1.5639,3
0,7,0.0212,0.0153,0.0293,0.0145,0.0104,0.0293,1.4618,2
0,3.6,0.0789,0.0305,0.0153,0.0323,0.0122,0.0153,2.5068,4
1,4.5,0.1086,0.0527,0.0188,0.0561,0.0264,0.0188,1.9944,4
0,10,0.0342,0.0355,0.042,0.0046,0.0047,0.042,7.4993,3
0,10,0.0358,0.0372,0.042,0.0613,0.0646,0.042,0.5759,3
0,10,0.0426,0.0445,0.042,0.0162,0.0167,0.042,2.6637,3
0,8.9,0.0172,0.0158,0.0373,0.0146,0.0134,0.0373,1.1798,2
0,9.5,0.0054,0.0052,0.0398,0.0031,0.003,0.0398,1.7725,1
0,9.8,0.052,0.0532,0.041,0.0481,0.0491,0.041,1.0819,3
0,10,0.0105,0.0108,0.042,0.0104,0.0107,0.042,1.0101,1
0,10,0.0396,0.0413,0.042,0.0236,0.0244,0.042,1.6943,3
0,10,0.0099,0.0101,0.042,0.0148,0.0152,0.042,0.6653,1
0,4.3,0.0227,0.0101,0.018,0.0191,0.0085,0.018,1.1916,2
0,10,0.0589,0.062,0.042,0.0169,0.0175,0.042,3.5534,3
0,7.9,0.029,0.0238,0.0332,0.018,0.0147,0.0332,1.6195,2
0,2.6,0.0271,0.0073,0.0109,0.0101,0.0027,0.0109,2.7154,2
0,10,0.212,0.2437,0.042,0.0268,0.0277,0.042,8.786,4
0,4.8,0.0022,0.0011,0.0203,0.0029,0.0014,0.0203,0.7526,1
0,10,0.0126,0.013,0.042,0.0098,0.0101,0.042,1.2838,1
0,10,0.1306,0.1431,0.042,0.036,0.0375,0.042,3.8176,4
0,9.8,0.034,0.0345,0.041,0.0392,0.0399,0.041,0.864,3
0,10,0.0932,0.1,0.042,0.0849,0.0907,0.042,1.1033,4
0,10,0.0178,0.0183,0.042,0.0328,0.0341,0.042,0.5376,2
0,0.6,0.0191,0.0012,0.0025,0.0138,9e-04,0.0025,1.3861,2
0,6.8,0.0081,0.0056,0.0286,0.026,0.0183,0.0286,0.3071,1
0,10,0.0193,0.0199,0.042,0.0169,0.0174,0.042,1.1419,2
0,1.2,0.02,0.0024,0.0049,0.0292,0.0035,0.0049,0.6828,2
0,10,0.0222,0.023,0.042,0.017,0.0175,0.042,1.3126,2
0,10,0.0921,0.0987,0.042,0.0258,0.0267,0.042,3.6923,4
0,10,0.064,0.0676,0.042,0.027,0.0279,0.042,2.4184,3
1,2.7,0.1627,0.0494,0.0114,0.0282,0.008,0.0114,6.2098,4
0,3.7,0.0192,0.0073,0.0155,0.022,0.0084,0.0155,0.8713,2
0,9.8,0.0182,0.0185,0.0413,0.0118,0.0119,0.0413,1.5515,2
0,10,0.0239,0.0247,0.042,0.028,0.029,0.042,0.8534,2
0,10,0.1572,0.1748,0.042,0.0576,0.0607,0.042,2.8819,4
0,10,0.0379,0.0394,0.042,0.0193,0.0199,0.042,1.9771,3
0,10,0.0335,0.0348,0.042,0.0328,0.0341,0.042,1.0209,3
0,10,0.0391,0.0407,0.042,0.0437,0.0457,0.042,0.8911,3
